precision,recall,accuracy,f1_score,log_loss,roc_auc
0.0,0.0,0.9998508188840194,0.0,0.002723041377792415,0.6377482517482518
